Product Name,Part Number,Desc,Link,Unit Price,Qty,Total Price,Running Total
Operational Amplifiers - Op Amps SoundPlus ultra-low noise and distortio A 595-OPA1656ID,OPA1656IDR,"OPA1656IDR Opamp, Amp in preamp",https://www.mouser.com/ProductDetail/Texas-Instruments/OPA1656IDR?qs=vLWxofP3U2ztlJVp%252BbIcnQ%3D%3D,$2.99,4,$11.96,$11.96
Aluminum Electrolytic Capacitors - Radial Leaded WCAP-AT1H 10uF 50V 20% Radial,860240672002,"10uF Capacitor, used in a variety of locations",https://www.mouser.com/ProductDetail/Wurth-Elektronik/860240672002?qs=0KOYDY2FL28MVrwKReUO5Q%3D%3D,$0.17,8,$1.36,$13.32
Aluminum Electrolytic Capacitors - Radial Leaded WCAP-AT1H 22uF 50V 20% Radial,860240673003,"22uF Capacitor, used in a variety of locations",https://www.mouser.com/ProductDetail/Wurth-Elektronik/860240673003?qs=0KOYDY2FL28JVTVT2XSgwQ%3D%3D,$0.19,6,$1.14,$14.46
Phone Connectors Audio Jacks,SJ1-3554NG,3.5mm audio jack input,https://www.mouser.com/ProductDetail/Same-Sky/SJ1-3554NG?qs=WyjlAZoYn50FPSMJgVuxug%3D%3D,$0.57,2,$1.14,$15.60
DC Power Connectors Power Jacks,PJ-059A,DC power jack,https://www.mouser.com/ProductDetail/Same-Sky/PJ-059A?qs=WyjlAZoYn50bjj4Obx2X9w%3D%3D,$0.97,2,$1.94,$17.54
Thin Film Resistors - SMD,RT1206FRD0747KL,47 kOhm Resistor,https://www.mouser.com/ProductDetail/YAGEO/RT1206FRD0747KL?qs=k2KEx2DUIRR1F0mE2a3ZUQ%3D%3D,$0.10,8,$0.80,$18.34
Thin Film Resistors - SMD 1/4W 2.2K ohm 1% 50ppm,RT1206FRE072K2L,2.2 kOhm Resistor,https://www.mouser.com/ProductDetail/YAGEO/RT1206FRE072K2L?qs=yNCrj0CQcyJif6VASMbdeQ%3D%3D,$0.10,4,$0.40,$18.74
Thin Film Resistors - SMD 1/4W 10K ohm 1% 50ppm,RT1206FRE0710KL,10 kOhm Resistor,https://www.mouser.com/ProductDetail/YAGEO/RT1206FRE0710KL?qs=8cPjvKtxWv45%2FSPYTvTNKg%3D%3D,$0.10,4,$0.40,$19.14
Thin Film Resistors - SMD 180K  OHM   1%  50PPM   1/4W,RT1206FRE07180KL,180 kOhm Resistor,https://www.mouser.com/ProductDetail/YAGEO/RT1206FRE07180KL?qs=yNCrj0CQcyKwf2yXFo5b%2FQ%3D%3D,$0.10,4,$0.40,$19.54
Thin Film Resistors - SMD 4.7K Ohm 1% 1/4W 200 Volts 50ppm,RT1206FRE074K7L,4.7 kOhm Resistor,https://www.mouser.com/ProductDetail/YAGEO/RT1206FRE074K7L?qs=yNCrj0CQcyLcoH%2FB%252BiP%2FFQ%3D%3D,$0.10,4,$0.40,$19.94
Thin Film Resistors - SMD 1/4W 100K ohm 1% 50p pm,RT1206FRE07100KL,100 kOhm Resistor,https://www.mouser.com/ProductDetail/YAGEO/RT1206FRE07100KL?qs=8cPjvKtxWv7PtFSw4u2eIw%3D%3D,$0.10,8,$0.80,$20.74
Thin Film Resistors - SMD 1/4W 2.7K ohm 1% 50ppm,RT1206FRE072K7L,2.7 kOhm Resistor,https://www.mouser.com/ProductDetail/YAGEO/RT1206FRE072K7L?qs=Fz%2FrpjPuTcHFMKRq4MRJ%2Fg%3D%3D,$0.10,4,$0.40,$21.14
Thin Film Resistors - SMD 1/4W 750 ohm 1% 50ppm,RT1206FRE07750RL,750 Ohm Resistor,https://www.mouser.com/ProductDetail/YAGEO/RT1206FRE07750RL?qs=Fz%2FrpjPuTcHGMql1%2FTp2YA%3D%3D,$0.10,4,$0.40,$21.54
Toggle Switches 5A 120VAC/28VDC On-Off-On PC Mnt,1004P3T2B4M7QE,4PDT toggle switch for preamp selection,https://www.mouser.com/ProductDetail/E-Switch/1004P3T2B4M7QE?qs=f57gQzlyLiqFzMrosyOsSw%3D%3D,$11.60,1,$11.60,$33.14
"Toggle Switches SPDT, ON-ON, 6mm toggle, 4mm smooth bushing, right angle PC terminals with .3"" pitch, 50mA @ 60V AC/DC, washable",ATE1D-6M3-10-Z,SPDT toggle switch for preamp power,https://www.mouser.com/ProductDetail/Nidec/ATE1D-6M3-10-Z?qs=XeJtXLiO41ReBOz5v17RPA%3D%3D,$3.60,1,$3.60,$36.74
"DC/DC Converters - Through Hole DC-DC, 3W semi-reg., dual output, SIP",IR1215S,12V-15V DC converter to power preamp,https://www.mouser.com/ProductDetail/XP-Power/IR1215S?qs=w%2Fv1CP2dgqp75iaPc7854Q%3D%3D,$10.71,1,$10.71,$47.45
Toggle Switches 5A 120VAC/28VDC On-None-On PC Mnt,100AWDP1T1B4M6QE,DPDT Switch for output selection,https://www.mouser.com/ProductDetail/E-Switch/100AWDP1T1B4M6QE?qs=f57gQzlyLiof%2FBzhsgALbA%3D%3D,$3.95,1,$3.95,$51.40
"RCA Phono Connectors RCA Phono Jack White, Red",156-4219-E,RCA phono connectors for I/O,https://www.mouser.com/ProductDetail/Kobiconn/156-4219-E?qs=DPoM0jnrROUdVj8su1y9tg%3D%3D,$1.03,7,$7.21,$58.61
Rotary Switches 4 Pos 0.1 Amp at 16 Volts,SRBM149501,4 position 2 pole rotary switch for input selection ,https://www.mouser.com/ProductDetail/Alps-Alpine/SRBM149501?qs=nco%2F1JLdfbeZ5Szj64Y%252BGA%3D%3D,$5.62,1,$5.62,$64.23
Film Capacitors 0.022 uF 250 VDC 5%,MKP1F022203C00JSSD,0.022uF Capacitor,https://www.mouser.com/ProductDetail/WIMA/MKP1F022203C00JSSD?qs=OanN%252B0kfw%2FYfJXvyN0rUYQ%3D%3D,$0.60,4,$2.40,$66.63
Aluminum Electrolytic Capacitors - Radial Leaded WCAP-ATG8 1uF 50V 20% Radial,860010672005,1uF Capacitor,https://www.mouser.com/ProductDetail/Wurth-Elektronik/860010672005?qs=0KOYDY2FL2%2Fygsu5JxD2ZQ%3D%3D,$0.11,6,$0.66,$67.29
Aluminum Electrolytic Capacitors - Radial Leaded WCAP-ATG8 2.2uF 50V 20% Radial,860010672006,2.2uF Capacitor,https://www.mouser.com/ProductDetail/Wurth-Elektronik/860010672006?qs=0KOYDY2FL29lPsrXIuQ3HA%3D%3D,$0.12,6,$0.72,$68.01
Film Capacitors .1UF      63V   5%,MKS2C031001A00JSSD,0.1uF Capacitor,https://www.mouser.com/ProductDetail/WIMA/MKS2C031001A00JSSD?qs=HY1Oqu7CRgrW1XsZMv8Ccg%3D%3D,$0.37,12,$4.42,$72.43
,,,,,,,
Shipping,,,,$8.49,1,$8.49,$80.92
Tariffs as of 5/25/26,,,,$9.39,1,$9.39,$90.31
,,,,,,,
,,,,,,Total,$90.31